que,9477531
não,7770387
de,6221815
você,4513230
eu,4103854
um,3563693
para,2811080
se,2796049
está,2754214
uma,2401855
com,2314658
me,2182820
por,2099013
ele,2013798
isso,1989139
em,1801978
do,1752303
bem,1515797
mas,1468594
como,1451186
da,1328192
os,1275882
no,1234867
aqui,1169045
na,1144851
sim,1133922
ela,1092440
mais,1092159
tem,1077141
meu,1036207
seu,991282
vai,960871
as,952749
muito,943025
vamos,940856
foi,928393
estou,926386
sua,911167
tudo,833880
só,784153
minha,759674
agora,739062
pode,729911
te,708064
então,697183
vou,692522
sei,683294
fazer,663506
quando,645242
ser,644548
nós,602847
tenho,602162
quer,595702
nos,592787
certo,586632
eles,577218
já,574708
sabe,568141
quem,544196
estava,540328
nada,530975
era,518910
onde,518531
lá,517914
quero,514976
ao,513460
ou,510675
sou,507242
disse,506215
bom,494666
há,490737
posso,470952
são,468376
ter,461690
dizer,461230
mim,460289
porque,454501
pra,454184
acho,444495
coisa,441269
mesmo,439234
estão,420627
sobre,420047
todos,417070
até,394046
lo,392853
cara,391314
nunca,390093
quê,389519
assim,388507
tempo,386946
algo,384293
esse,381372
isto,369954
essa,368406
casa,368000
ver,365892
vocês,364421
favor,352113
temos,342901
dos,339419
também,336260
ainda,334585
deus,330308
ir,329324
noite,326939
tão,325258
obrigado,324702
sem,318726
melhor,318347
dia,317525
esta,314541
estamos,313367
talvez,307130
pai,306743
alguém,297918
senhor,297130
vida,287034
anos,283172
mãe,281839
este,281041
sr,279597
sempre,277019
vez,272322
verdade,272060
dele,269901
seus,269283
ficar,264790
parece,261661
aí,261305
preciso,260189
falar,258083
oh,257410
coisas,255083
nem,252507
homem,252387
depois,252327
claro,248751
pelo,246941
antes,246629
fazendo,246513
tinha,245775
lhe,243110
boa,238975
faz,238635
dois,238629
pessoas,237578
pouco,237499
ei,233582
deve,232419
acha,230660
qual,228193
todo,227640
la,226343
lugar,224275
fora,223970
apenas,222394
estar,219530
ninguém,215599
fez,215470
disso,214776
trabalho,211523
precisa,208894
comigo,208772
das,208183
dar,207942
alguma,207454
saber,202187
novo,201112
mundo,198928
desculpe,196309
hoje,195659
nome,193871
seja,191860
queria,190013
vá,189350
sinto,189153
dinheiro,188565
podemos,186045
diga,185952
grande,185854
filho,185232
suas,184524
quanto,181777
nossa,179983
deixe,178228
vão,177062
pela,176923
outro,174160
qualquer,173485
será,173303
meus,169750
poderia,166207
ok,166182
nosso,165340
oi,164212
hora,163576
outra,163329
dela,162206
certeza,158961
sair,155946
olá,154329
problema,152382
carro,152023
daqui,151452
mulher,151181
toda,151021
merda,149802
algum,147438
volta,147301
espere,147222
falando,146669
sabia,145336
amigo,145335
aconteceu,144522
menos,142316
olhe,140274
tipo,140258
faça,139089
venha,137603
diz,135683
três,134792
ótimo,132867
obrigada,132720
vezes,132447
vi,131918
primeiro,128887
atrás,128528
voltar,125871
sério,125791
entre,124995
tenha,124955
deveria,124655
realmente,124323
ah,124261
seria,123698
às,122890
embora,122817
olha,121414
vê,121302
parte,121012
viu,120591
vem,120065
todas,119637
aquele,119193
fique,117157
los,116932
deixar,116577
ajudar,116349
amor,116327
dentro,114943
dê,114601
pensei,112909
cabeça,112791
família,112465
duas,112430
gente,112153
frente,111983
pare,111753
querida,111636
feliz,110438
dias,110391
nas,110169
indo,110064
lado,109978
fui,109338
podem,108381
gosto,108369
homens,107943
mal,107485
matar,106516
nenhum,106325
dá,105568
fiz,105413
precisamos,104903
pegar,104439
somos,104094
cidade,103832
tarde,103658
fosse,102448
alguns,102131
legal,101081
amigos,100766
têm,100448
garota,100098
meio,99998
deles,99802
logo,99776
rápido,99162
amanhã,97874
momento,97512
gostaria,97048
medo,96935
caso,96883
num,96603
foram,96410
importa,95198
tanto,95111
horas,94990
porta,94116
tentando,93864
irmão,93187
outros,92884
entrar,92744
desde,92715
ali,92266
minhas,92216
amo,92205
jeito,91461
minutos,91337
cada,91256
morto,91067
vejo,90408
enquanto,90001
quase,89854
errado,89386
pessoa,89361
algumas,89178
ajuda,89009
demais,88956
nova,88181
história,87952
perto,87812
fica,86991
aquela,86700
tá,86550
dizendo,86213
semana,86001
garoto,85808
deu,85741
encontrar,85380
papai,85111
pessoal,85053
contra,84716
sorte,84656
cima,84542
droga,84354
primeira,84213
nisso,84202
esses,84177
quiser,84099
morte,84050
essas,84023
idéia,84013
achei,83662
morrer,83224
espero,82993
caminho,82963
polícia,82877
sente,82799
arma,82727
manhã,82527
aos,82337
acabou,81981
quarto,81661
crianças,81419
ano,81261
levar,81241
pronto,80823
forma,80638
acredito,80566
espera,80456
for,80280
chegar,79865
juntos,79755
gosta,79296
cuidado,79268
uns,79228
tive,79124
pensar,79102
numa,79093
razão,78335
veja,78038
feito,78029
devia,77969
mãos,77828
teve,77816
consigo,77229
elas,76549
sido,76175
conta,76097
contar,75824
chefe,75701
olhos,75362
filha,75218
ia,75151
difícil,75123
idiota,75062
significa,74028
entendo,73879
dr,73450
deixa,73346
vindo,73250
ouvir,73207
passar,72879
acontecendo,72741
sangue,72685
vir,72636
fim,72544
mamãe,72013
devo,71998
esposa,71972
lembra,71767
mesma,71664
veio,71316
última,70926
problemas,70913
jogo,70491
guerra,70464
água,70287
parar,70063
nossos,70016
teria,69917
importante,69850
mão,69791
querem,69291
sra,68705
pensando,68403
boca,68101
coração,67425
tal,67170
única,67066
escola,66746
exatamente,66512
corpo,66338
conhece,66315
podia,66242
poder,66130
tentar,65915
licença,65839
nenhuma,65822
causa,65763
havia,65713
fala,65461
ficou,65402
ouvi,65258
digo,65124
faço,65041
longe,64860
terra,64342
começar,63756
saia,63736
jack,63557
ontem,63098
tivesse,63011
porra,62961
segundo,62257
pois,62238
velho,62114
maior,61652
capitão,61512
cinco,61306
matou,61259
tirar,61154
querido,61072
diabos,61041
senhora,61021
sendo,61010
chance,60925
morreu,60499
marido,60495
usar,60401
número,60002
meses,59978
pegue,59927
esperar,59810
conheço,59407
preocupe,59347
comer,58472
esperando,58366
cá,58327
festa,58273
estranho,58157
mulheres,57928
trabalhar,57911
prazer,57795
houve,57695
aquilo,57596
telefone,57330
sabemos,57199
consegue,57100
muita,57072
deixou,56969
irá,56791
pergunta,56745
filhos,56698
john,56669
segurança,56522
tomar,56458
fácil,56445
conseguir,56441
esteja,56440
dormir,56402
bastante,56279
desse,56192
quatro,56161
dessa,55981
possa,55954
mil,55764
pais,55671
calma,55324
muitos,55136
café,54860
sentir,54857
irmã,54829
estavam,54734
bebê,54577
muitas,54540
maneira,54435
eram,54384
acontecer,54371
sozinho,54146
além,54065
neste,53948
chega,53751
suficiente,53294
terá,53253
sabem,52825
caras,52702
fale,52605
quis,52470
nessa,52306
procurando,52271
durante,52238
trás,52105
vivo,52084
acordo,51926
escute,51817
minuto,51761
vendo,51649
novamente,51618
fogo,51589
chegou,51527
ouça,51470
criança,51329
provavelmente,51247
possível,51194
conseguiu,51116
viver,51084
jantar,50799
culpa,50637
equipe,50451
achar,50424
falta,50317
pensa,50177
sala,50154
aonde,49986
falou,49745
desta,49645
nossas,49426
certa,49419
leve,49175
único,49067
armas,48987
puta,48895
mudar,48889
presidente,48832
comida,48744
ligar,48732
desculpa,48588
louco,48539
acreditar,48478
cama,48453
nesse,48382
conversar,48324
perder,48074
pagar,48043
livro,47979
faria,47969
diferente,47941
umas,47932
forte,47917
plano,47849
pequeno,47778
devemos,47594
existe,47464
trouxe,47458
ouviu,47457
alô,47415
paz,47413
força,47342
nele,47165
direito,47140
lembro,47088
pena,47036
dizem,46918
casamento,46788
outras,46500
agente,46451
ruim,46438
pedir,46354
estiver,46307
palavra,46253
dólares,46179
entende,46055
passado,45758
luz,45729
médico,45725
pro,45667
atenção,45618
volte,45561
música,45258
final,45092
mostrar,45067
acabar,45059
país,44921
filme,44744
adeus,44639
próxima,44482
tchau,44473
olhar,44465
pior,44454
baixo,44429
estes,44403
fazem,44278
querer,44274
rei,44217
ponto,44147
seis,44034
descobrir,43915
iria,43734
acontece,43675
semanas,43614
brincando,43481
jovem,43304
controle,43027
perguntar,42983
hospital,42801
linda,42782
sam,42552
jesus,42332
chama,42237
resto,42168
próximo,41956
sob,41927
jogar,41849
colocar,41814
esteve,41786
fico,41486
rua,41476
tu,41433
especial,41429
ai,41408
chamar,41116
precisar,40944
garotas,40903
negócio,40690
continuar,40682
rapazes,40574
vim,40565
pé,40553
falei,40461
ideia,40329
pegou,40270
estado,40209
seguro,40197
ajude,40155
tire,40094
engraçado,40033
devem,39973
cedo,39725
último,39681
saiu,39666
sai,39620
comprar,39576
escritório,39486
encontro,39327
sinal,39248
michael,39166
estas,38994
começou,38990
pelos,38927
daí,38907
livre,38688
respeito,38626
prisão,38452
manter,38400
teu,38354
incrível,38111
alto,37972
aqueles,37906
nesta,37848
ajudá,37773
srta,37741
queremos,37527
sentido,37493
deste,37452
doutor,37382
passou,37255
estivesse,37226
perfeito,37154
escolha,37081
estávamos,36955
fiquei,36927
andar,36918
real,36838
próprio,36765
pequena,36749
estará,36681
ama,36681
si,36656
boas,36633
sistema,36541
mortos,36387
entendeu,36148
esqueça,36133
milhões,36104
futuro,36059
chão,36051
pense,36017
ar,36014
acredita,35995
ganhar,35989
sexo,35904
dor,35769
charlie,35620
trabalhando,35392
mente,35386
fato,35381
bonito,35349
cabelo,35234
las,35233
olhando,35221
consegui,35152
policial,34989
the,34976
visto,34941
finalmente,34921
mesa,34880
linha,34872
amiga,34759
lhes,34696
frank,34584
presente,34511
dez,34504
modo,34464
abra,34393
rapaz,34337
salvar,34303
palavras,34297
cuidar,34182
anda,34062
situação,33909
tom,33905
após,33762
cale,33761
disseram,33750
tua,33703
conhecer,33699
assassino,33649
passa,33336
lindo,33305
tente,33268
própria,33261
continue,33261
estive,33198
entender,33167
peguei,33146
casar,33131
perdeu,33111
sozinha,33104
avião,33073
preso,33028
conosco,32894
contou,32725
simples,32722
estás,32664
lamento,32656
ficará,32647
grandes,32603
emprego,32601
estaria,32476
odeio,32473
entendi,32464
bonita,32429
ordem,32422
local,32408
pediu,32407
tio,32373
achou,32318
olho,32126
crime,32055
voltou,31969
farei,31964
fizeram,31944
encontrei,31943
normal,31913
partir,31886
sol,31873
soube,31871
lista,31847
ataque,31798
viagem,31776
uh,31719
vontade,31704
rosto,31702
chamado,31697
doente,31681
foto,31568
inferno,31414
acabei,31306
hotel,31233
acidente,31162
tome,31070
tv,31004
mensagem,30973
levou,30936
david,30921
grupo,30909
natal,30894
senhores,30891
segunda,30885
george,30878
serviço,30864
professor,30855
terminar,30845
menina,30830
melhores,30802
ligue,30703
precisam,30645
caixa,30609
nave,30603
general,30587
perguntas,30571
sonho,30551
exército,30541
simplesmente,30494
povo,30476
quente,30414
campo,30395
trazer,30385
resposta,30366
irei,30344
continua,30317
tiver,30272
voce,30239
estarei,30192
aniversário,30185
morta,30185
abrir,30121
guarda,30079
usando,29895
levá,29872
trabalha,29872
menino,29849
harry,29791
questão,29663
porquê,29597
mike,29514
banco,29496
idade,29429
meia,29368
penso,29345
vale,29324
área,29273
maldito,29269
pelas,29095
quantos,29062
leva,28972
graças,28964
beber,28936
voz,28895
namorada,28855
encontrou,28826
lembrar,28794
dei,28765
matá,28762
companhia,28747
mestre,28723
barco,28721
deixá,28606
mau,28451
erro,28436
céu,28435
prometo,28292
ligou,28204
seguir,28198
pudesse,28191
perdi,28179
surpresa,28106
negócios,28083
fome,28034
conversa,28025
programa,27998
lutar,27990
diria,27957
missão,27940
notícias,27937
chave,27933
olhada,27893
mês,27869
dando,27850
fará,27828
fotos,27716
ouvindo,27711
coloque,27701
fundo,27631
ler,27630
governo,27608
fazê,27573
adoro,27507
banheiro,27492
explicar,27489
chame,27489
advogado,27440
totalmente,27418
juro,27405
contato,27370
metade,27370
ficando,27301
funciona,27274
loja,27255
joe,27252
precisava,27251
cachorro,27210
procurar,27179
traga,27121
peter,27086
ótima,27039
motivo,27024
lei,27018
segundos,27005
completamente,26991
tradução,26853
apartamento,26739
saiba,26728
frio,26721
mandou,26715
bons,26682
esquerda,26623
teremos,26563
fomos,26545
saindo,26498
roupa,26478
carta,26456
buscar,26447
somente,26259
espaço,26256
haver,26251
embaixo,26231
vista,26222
disto,26212
parabéns,26208
naquela,26174
tocar,26141
interessante,26100
namorado,25976
fizemos,25970
segredo,25949
tenente,25941
tentei,25938
velha,25883
assunto,25810
tentou,25769
senti,25762
ben,25751
posição,25750
luta,25727
passada,25662
norte,25621
conte,25582
reunião,25565
divertido,25536
roupas,25526
sete,25521
horrível,25502
destino,25489
viva,25445
nela,25420
garotos,25418
creio,25407
depressa,25359
aposto,25324
fazemos,25321
vidas,25262
energia,25257
costas,25227
né,25155
drogas,25082
papel,25075
falo,25069
faremos,25042
entendido,25040
direita,24981
mandar,24969
estrada,24946
mudou,24895
tivemos,24861
hey,24820
cair,24809
verdadeiro,24769
levante,24700
alma,24665
impossível,24661
parecia,24654
assassinato,24601
peça,24555
coronel,24515
naquele,24501
loucura,24417
oficial,24402
escuta,24326
show,24316
planeta,24298
maioria,24209
bar,24146
puder,24105
dou,24070
centro,24070
sargento,24033
monte,24012
ligação,23977
james,23969
cheio,23952
conheci,23947
tiro,23940
triste,23907
contigo,23867
teste,23865
informação,23847
beleza,23807
trem,23770
acredite,23768
pronta,23763
lembre,23734
prova,23708
bola,23699
fazia,23688
cérebro,23661
paul,23596
socorro,23589
desses,23580
regras,23522
serão,23515
através,23513
bela,23486
conhecê,23398
deixei,23377
padre,23312
imediatamente,23304
sul,23269
duro,23266
igreja,23238
bebida,23218
tinham,23191
tendo,23171
humano,23166
us,23106
ordens,23034
decisão,23025
ex,23004
breve,22978
maravilhoso,22977
junto,22974
escrever,22964
pega,22926
toque,22918
sentar,22870
saída,22869
jimmy,22809
terrível,22808
volto,22798
atirar,22762
correr,22755
honra,22744
queira,22736
existem,22725
diferença,22703
chegando,22694
encontrá,22690
dito,22656
pés,22639
gostar,22612
carne,22605
saiam,22581
comando,22557
parem,22553
saco,22546
capaz,22532
graça,22530
acham,22527
cerveja,22524
paciente,22523
passo,22520
parecer,22518
feira,22517
foda,22516
esquecer,22489
aprender,22454
entrou,22445
bob,22412
fiquem,22401
conselho,22332
esperava,22312
devagar,22306
proteger,22272
detetive,22214
começo,22184
prontos,22177
começa,22160
igual,22158
delas,22152
fugir,22141
ponha,22128
bater,22081
time,22076
encontramos,22048
perigo,22023
hein,21993
propósito,21980
certamente,21965
cheiro,21963
branco,21956
poderá,21896
gostei,21895
chamada,21855
louca,21839
mar,21829
tens,21765
fbi,21755
vítima,21742
ilha,21735
janela,21725
perigoso,21693
caiu,21684
quais,21684
lugares,21681
york,21679
confiar,21677
rio,21653
base,21642
venham,21637
estúpido,21635
pensou,21568
oito,21523
pobre,21523
vestido,21496
máquina,21482
saúde,21447
bomba,21401
direção,21394
tira,21392
tempos,21366
andando,21359
ambos,21353
dessas,21342
tony,21332
belo,21314
quantas,21272
diferentes,21230
desculpas,21164
direto,21154
ti,21134
sentindo,21091
pedi,20955
oportunidade,20914
ouro,20898
jake,20805
ligo,20761
últimos,20700
bill,20657
tê,20578
liga,20566
justo,20525
cavalo,20509
mate,20495
mantenha,20479
esqueci,20462
serei,20441
senhoras,20438
jamais,20353
terei,20345
deveríamos,20334
relação,20324
doce,20318
cadê,20312
acaba,20305
mostre,20290
alex,20290
deixem,20282
vermelho,20260
lixo,20229
conseguimos,20222
sonhos,20211
dormindo,20189
cristo,20176
ação,20168
corte,20146
pára,20123
ihe,20096
basta,20067
peço,20038
esperem,19976
Sarah,19974
excelente,19936
entra,19912
cena,19832
trata,19794
código,19784
resolver,19765
liberdade,19756
dançar,19745
mentira,19741
alvo,19721
olhem,19714
max,19711
celular,19702
negro,19651
iremos,19631
super,19618
ora,19607
chamou,19591
cartão,19590
vive,19510
comum,19454
rádio,19427
emergência,19407
informações,19381
inteligente,19352
animais,19337
maldição,19322
USA,19307
provar,19307
braço,19300
ficaria,19280
parecem,19258
herói,19232
livros,19220
aquelas,19197
km,19175
segure,19171
tornar,19164
havendo,19157
verão,19118
aceitar,19104
cozinha,19096
azul,19094
inteiro,19080
desejo,19049
faculdade,19046
chá,18986
receber,18979
Henry,18959
época,18952
soldado,18946
clube,18929
banho,18914
tanta,18900
esperança,18876
américa,18838
bunda,18792
passei,18791
poderíamos,18784
ônibus,18781
vender,18780
pressão,18755
és,18748
americano,18744
segura,18735
bolsa,18723
senhorita,18710
procura,18709
comandante,18708
aula,18680
necessário,18646
preocupado,18636
mary,18633
perdido,18632
irmãos,18623
computador,18589
empresa,18543
sequer,18543
errada,18537
público,18513
pôr,18493
carros,18484
seguinte,18469
mexa,18468
daquele,18448
vinho,18432
ocupado,18409
importo,18404
tínhamos,18390
solte,18383
jim,18345
esconder,18273
cliente,18220
silêncio,18219
pego,18189
gostou,18184
humanos,18173
paris,18147
walter,18141
metros,18135
passando,18123
revisão,18111
tenham,18106
preocupar,18092
câmera,18086
perdão,18083
pele,18078
achamos,18078
várias,18068
cão,18031
preço,18009
parceiro,18004
uau,17999
inglês,17994
principal,17954
diabo,17953
gelo,17929
mande,17923
toma,17919
defesa,17863
repente,17832
brincar,17822
lua,17791
prédio,17788
alta,17782
suspeito,17714
exemplo,17709
irão,17698
rainha,17697
passe,17694
dra,17672
inimigo,17654
roubar,17645
experiência,17622
cerca,17596
policiais,17594
ray,17585
longo,17573
departamento,17571
aparecer,17517
exceto,17503
cartas,17471
ficam,17464
viram,17447
piada,17386
soldados,17369
matei,17342
haverá,17324
cansado,17311
colocou,17304
morrendo,17282
roubou,17238
planos,17227
nível,17206
coragem,17202
diretor,17201
manda,17201
johnny,17164
pude,17127
inteira,17126
nomes,17106
sejam,17082
pernas,17069
buraco,17065
sapatos,17036
escolher,17030
opinião,17008
tirou,16995
gay,16991
realidade,16975
imaginar,16967
entrada,16936
limpo,16935
estação,16930
má,16925
funcionar,16911
cala,16906
prefiro,16900
mora,16858
pedido,16854
tornou,16835
subir,16820
meninas,16729
relatório,16717
use,16715
pista,16710
destruir,16710
operação,16690
tia,16687
começando,16675
clark,16659
maldita,16642
perna,16609
som,16559
nick,16553
cheia,16548
pedaço,16547
bala,16533
cadeia,16477
anel,16460
espírito,16451
dizia,16448
falamos,16443
vejam,16435
batalha,16434
conhecemos,16433
lidar,16429
contrário,16330
pegá,16293
novos,16289
parede,16286
longa,16271
costumava,16270
quieto,16261
almoço,16247
www,16233
sucesso,16233
notícia,16226
mark,16210
peixe,16201
mentindo,16166
pergunte,16162
soubesse,16151
majestade,16100
líder,16085
fizer,16060
façam,16055
suponho,16052
cortar,16049
risco,16046
acima,16030
raiva,16009
evitar,16007
classe,16005
hei,16000
árvore,15998
tamanho,15993
dança,15989
xerife,15984
praia,15966
richard,15960
enorme,15956
verde,15949
provas,15921
cor,15910
dúvida,15894
responsável,15894
chaves,15877
fé,15867
pedindo,15859
chamam,15854
diante,15841
idiotas,15813
preparar,15804
encontre,15798
londres,15796
ganhou,15792
fantástico,15776
sabes,15760
pedra,15734
maluco,15728
gato,15708
mata,15702
novas,15677
limpar,15652
li,15645
brilhante,15639
apesar,15629
van,15629
agradeço,15628
vergonha,15613
gostava,15609
billy,15585
correndo,15577
apareceu,15576
cheguei,15571
dados,15543
laboratório,15537
bravo,15534
brincadeira,15525
bêbado,15514
chuck,15511
tommy,15510
arte,15507
felizes,15497
grávida,15497
nariz,15491
jovens,15467
vieram,15465
flores,15455
memória,15452
quão,15445
entregar,15434
eua,15433
nove,15417
natureza,15410
bobby,15406
coma,15401
abaixo,15386
dentes,15382
busca,15379
acesso,15372
terminou,15368
yeah,15365
filmes,15350
nervoso,15322
perdemos,15310
cuide,15310
vários,15297
responda,15294
siga,15222
abaixe,15209
criar,15185
esperto,15177
férias,15161
visão,15155
justiça,15152
danny,15141
dan,15128
ido,15118
relaxe,15083
pescoço,15075
dirigir,15073
relógio,15046
humana,15029
jornal,15026
animal,15016
total,15013
merece,14997
portanto,14994
velhos,14988
escreveu,14970
restaurante,14959
contas,14931
debaixo,14927
vemos,14881
ridículo,14870
moça,14855
sabendo,14847
deixando,14839
agradecer,14835
beijo,14811
médicos,14803
pago,14801
tribunal,14781
americanos,14777
endereço,14776
caminhão,14761
interessa,14761
acalme,14742
corrida,14738
investigação,14727
apresentar,14713
perdoe,14696
língua,14660
estrela,14650
branca,14638
escapar,14611
ponte,14610
percebi,14590
arrumar,14556
levantar,14534
nao,14526
usou,14511
faca,14478
amar,14458
julgamento,14454
pensava,14438
espada,14421
troca,14416
chegamos,14413
velocidade,14411
descobriu,14408
ruas,14407
parado,14406
escuro,14398
Chris,14387
perguntou,14364
especialmente,14359
will,14345
gostam,14339
visita,14331
série,14325
esqueceu,14318
cirurgia,14310
cadeira,14306
conhecia,14306
Kate,14293
perdendo,14255
projeto,14253
voar,14238
deram,14230
máximo,14219
responder,14219
estaremos,14177
devíamos,14169
doença,14152
virá,14147
amava,14140
pontos,14121
estranha,14119
daquela,14112
juiz,14098
salvo,14094
acordar,14078
atire,14077
grana,14075
ouve,14062
meninos,14060
Charles,14046
levando,14032
milhares,14023
dado,14016
andy,14008
gentil,14003
machucar,13987
steve,13976
permissão,13962
distância,13954
adoraria,13944
Jane,13934
floresta,13929
infelizmente,13928
vais,13928
corra,13926
senão,13921
anna,13918
ficarei,13914
robert,13910
unidade,13891
disser,13890
oeste,13870
rico,13853
vêm,13851
comece,13844
Eddie,13823
movimento,13819
carreira,13816
fechar,13812
salvou,13802
menor,13787
cinema,13775
caramba,13771
cavalheiros,13765
queres,13759
táxi,13726
virar,13723
barulho,13695
vôo,13681
uso,13676
you,13670
eric,13667
par,13643
imagino,13603
afinal,13597
conhecido,13589
vimos,13574
milhão,13556
casado,13554
perfeita,13537
mercado,13520
poucos,13515
claire,13502
sentimentos,13495
confiança,13493
acabado,13483
nacional,13479
inocente,13477
foder,13476
monstro,13474
cantar,13468
daniel,13449
luzes,13446
particular,13442
sexta,13441
come,13439
estilo,13437
unidos,13432
comecei,13432
desapareceu,13430
parque,13419
lar,13418
chuva,13407
morre,13401
afaste,13398
discutir,13393
marca,13387
parou,13360
dedos,13359
corpos,13358
histórias,13346
navio,13332
éramos,13331
recebeu,13322
vire,13316
controlar,13304
fita,13301
besteira,13287
dono,13283
possamos,13278
depende,13268
major,13260
Maria,13250
sobreviver,13242
mudança,13242
noiva,13237
ficamos,13223
vento,13193
normalmente,13162
braços,13154
detalhes,13139
estados,13135
Washington,13135
Rachel,13133
vindos,13123
traz,13114
firme,13106
madame,13093
noites,13092
raio,13091
poderiam,13077
clientes,13075
descer,13060
vítimas,13037
obviamente,13029
Scott,13029
vídeo,13028
universidade,13026
absolutamente,13020
porco,13017
odeia,13015
sentado,13002
ganha,12990
imbecil,12990
valor,12986
avó,12980
imagem,12974
futebol,12959
der,12959
comprou,12952
conheceu,12951
peso,12941
recebi,12938
confie,12931
querendo,12919
acorde,12916
calças,12907
ouvido,12884
fonte,12835
bolo,12830
espécie,12812
ryan,12807
princesa,12805
aeroporto,12803
altura,12796
verdadeira,12793
orgulho,12789
central,12787
quebrar,12772
comprei,12750
caro,12741
processo,12734
perda,12733
leite,12731
pete,12725
testemunha,12721
chorar,12717
dedo,12708
cai,12704
teoria,12701
serve,12695
correto,12685
estrelas,12678
acaso,12633
trocar,12627
descansar,12604
preto,12602
redor,12602
jerry,12585
contei,12580
apoio,12562
contente,12559
to,12551
decidir,12536
chamo,12526
encontrado,12524
início,12521
kevin,12517
política,12517
quisesse,12516
verá,12515
vossa,12514
mostra,12497
ligado,12492
direi,12485
cavalos,12480
nisto,12464
assistir,12456
universo,12451
briga,12444
camisa,12422
atrasado,12420
aberta,12419
forças,12413
ensinar,12412
dever,12410
divertir,12404
torna,12398
dão,12395
portas,12372
and,12355
números,12339
puxa,12336
veremos,12336
pegamos,12334
ferido,12326
colega,12318
mapa,12309
seguindo,12300
atirou,12296
hum,12293
mesmos,12285
tomou,12270
ajudou,12231
livrar,12229
feche,12229
antigo,12227
desistir,12225
agradável,12183
ameaça,12171
fantasma,12171
matando,12168
paga,12152
contrato,12147
liguei,12135
parada,12131
jogando,12129
leste,12124
matt,12117
cabo,12116
porcaria,12110
preparado,12109
bordo,12089
profissional,12085
culpado,12083
príncipe,12072
bateu,12055
peito,12052
morreram,12052
mandei,12013
escrito,12006
dói,12000
tiveram,11996
desculpem,11987
mentir,11980
corredor,11970
definitivamente,11969
desgraçado,11968
termos,11966
valeu,11962
santo,11960
aparentemente,11950
podes,11941
juntar,11940
terão,11930
servir,11913
tirá,11909
al,11909
maravilhosa,11903
agir,11901
fugiu,11900
assistente,11896
perguntei,11879
militar,11860
dave,11848
lago,11846
bolas,11817
calor,11799
esquece,11787
visitar,11787
daria,11785
piloto,11781
motorista,11775
angeles,11766
peguem,11750
sinta,11750
deseja,11745
concordo,11740
acabamos,11735
posto,11730
presa,11721
larry,11662
casaco,11659
descobri,11654
interesse,11652
maiores,11643
arranjar,11637
sincronia,11636
cheque,11631
deixado,11603
traseiro,11602
terceiro,11579
pessoalmente,11572
mr,11568
okay,11562
babaca,11558
ted,11554
pensam,11548
chapéu,11535
achava,11531
passagem,11527
rabo,11524
viemos,11516
william,11512
proteção,11511
serem,11477
inimigos,11466
garrafa,11459
sinais,11454
toca,11452
banda,11445
mexam,11435
caralho,11403
alice,11389
agentes,11383
largue,11382
deveriam,11376
baile,11376
jardim,11374
darei,11373
interessado,11362
senador,11351
vovó,11348
oferta,11338
lance,11330
abre,11328
perguntando,11323
venho,11323
cansada,11320
vadia,11305
encontraram,11298
preocupada,11294
vinte,11285
tenta,11270
câncer,11268
lsso,11267
avô,11258
consertar,11255
pequenos,11251
vivos,11245
sábado,11213
casos,11190
malas,11188
chocolate,11180
feita,11180
sentiu,11176
aviso,11166
corre,11165
armário,11143
vingança,11140
respirar,11138
responsabilidade,11137
quebrou,11136
vencer,11131
funcionando,11127
carona,11116
lee,11115
aberto,11100
luke,11100
eie,11091
lisa,11083
antiga,11066
mataram,11047
nasceu,11028
natural,11024
poderoso,11023
brian,10982
escolheu,10979
sociedade,10978
jason,10970
próximos,10968
morar,10968
pau,10967
voltarei,10962
thomas,10959
estarão,10954
ovos,10953
copo,10952
balas,10948
casas,10945
pressa,10943
voltei,10921
baby,10908
atacar,10890
carl,10883
levo,10881
testes,10874
chamando,10872
fechado,10862
exato,10853
via,10849
geral,10840
sentem,10826
martin,10816
arquivos,10814
pertence,10811
ajudando,10797
arthur,10788
decidiu,10771
prestes,10767
voltando,10766
montanha,10737
demorar,10733
tratar,10716
rir,10707
oferecer,10701
imprensa,10699
chegaram,10698
fundos,10696
regra,10688
diversão,10684
dna,10678
tantas,10669
auto,10665
ficaram,10656
carteira,10656
mato,10624
huh,10615
crédito,10594
explodir,10581
pacientes,10579
deuses,10575
relacionamento,10575
pôde,10570
adorável,10562
resultado,10555
secreto,10549
queriam,10546
sexy,10537
instante,10528
ciência,10525
momentos,10518
jones,10517
chloe,10503
extra,10493
tô,10490
ultimamente,10490
pesquisa,10489
construir,10488
segredos,10479
impedir,10469
méxico,10461
roma,10451
partes,10448
enviar,10444
adam,10443
apaixonado,10437
vitória,10434
frança,10434
viajar,10431
mentiu,10416
primo,10415
temporada,10411
dane,10406
sujeito,10390
inglaterra,10373
jogos,10368
confusão,10365
gás,10363
kyle,10353
falam,10341
domingo,10324
carter,10320
aceito,10300
tantos,10288
alan,10275
emily,10273
campeão,10271
entrem,10266
humor,10261
desligar,10253
árvores,10251
levaram,10249
opção,10244
completo,10239
voltem,10238
califórnia,10234
pão,10229
devido,10229
mala,10228
tecnologia,10216
honesto,10210
respostas,10208
zona,10204
coloquei,10199
tirem,10194
internet,10177
data,10162
verificar,10161
aulas,10158
explosão,10152
modelo,10147
mexer,10143
presos,10136
checar,10134
saí,10123
rosa,10114
colocá,10105
cães,10093
enfermeira,10089
canção,10089
ações,10072
tratamento,10056
aconteça,10054
bate,10053
venda,10049
escutar,10049
orgulhoso,10048
anjo,10045
avisar,10040
casal,10038
prometeu,10034
tempestade,10033
gênio,10029
don,10024
demônio,10022
roubo,10013
san,10007
decidi,10006
conhecem,9996
mel,9995
entrando,9992
tomando,9988
rede,9981
vc,9981
centenas,9973
ha,9973
joey,9969
curso,9965
comendo,9941
impressionante,9938
pegando,9933
usado,9927
arquivo,9927
quinta,9917
francês,9909
annie,9903
propriedade,9902
acontecido,9891
transar,9890
nota,9875
rato,9855
entrevista,9846
nojento,9842
legendas,9837
recuperar,9836
neve,9834
perceber,9833
direitos,9831
invés,9826
pegaram,9822
útil,9819
torre,9806
smith,9803
cia,9800
vírus,9795
suicídio,9782
complicado,9773
saberia,9773
familiar,9772
treinador,9771
estejam,9771
rock,9765
vos,9763
médica,9760
poderes,9759
exame,9743
vinda,9731
presença,9716
material,9715
fronteira,9715
consiga,9713
confio,9706
efeito,9706
mentiroso,9700
enviou,9700
lição,9689
segurar,9684
rapidamente,9679
admitir,9667
objetivo,9662
vegas,9661
alemães,9659
ganhei,9649
muda,9639
guardas,9634
escutem,9632
porém,9630
joga,9627
põe,9612
membro,9606
melhorar,9606
fumar,9601
costa,9598
contando,9596
falso,9594
Chicago,9588
limpa,9587
seremos,9583
deserto,9583
zero,9580
comeu,9578
encontra,9570
cigarro,9560
prepare,9551
vermelha,9536
Morgan,9535
vazio,9534
acampamento,9533
bolso,9531
jenny,9531
helicóptero,9529
new,9515
pequenas,9512
prêmio,9510
fossem,9506
tentativa,9504
aparece,9500
parecido,9496
atender,9493
passamos,9490
reino,9484
vestir,9480
podíamos,9480
revista,9477
jogue,9477
prender,9476
identidade,9476
erros,9475
presentes,9468
ladrão,9461
sensação,9455
famoso,9450
ande,9450
tido,9449
dom,9448
golpe,9444
incêndio,9437
topo,9430
alerta,9430
conhecimento,9427
crescer,9422
Amy,9420
dura,9407
óbvio,9384
ligando,9384
gritar,9380
aprendi,9376
usá,9372
começamos,9364
preocupa,9363
televisão,9359
partido,9354
suba,9354
sexual,9349
próprios,9329
intenção,9323
inútil,9321
calmo,9316
deixaram,9312
homicídio,9309
rose,9307
chances,9292
truque,9291
fila,9281
gordo,9279
levem,9277
pagou,9266
soa,9261
chorando,9254
comportamento,9248
phil,9247
fraco,9246
membros,9240
vivendo,9235
trabalhava,9211
dará,9210
fortes,9209
federal,9196
bando,9194
neles,9193
temo,9174
queijo,9166
pânico,9163
violência,9159
conseguia,9152
Sean,9145
mantê,9142
pergunto,9141
sir,9141
montanhas,9139
social,9138
amigas,9138
fingir,9134
matado,9129
ouçam,9124
desligue,9118
ensinou,9115
óculos,9110
diário,9104
funcionou,9097
jogou,9095
qualidade,9095
chato,9090
voltará,9084
howard,9084
combate,9082
daqueles,9077
terceira,9054
últimas,9047
passaram,9045
solução,9041
pouquinho,9041
assinar,9039
prefeito,9038
jornais,9038
cobertura,9037
deixo,9035
leia,9035
aceita,9024
americana,9020
santa,9015
discurso,9013
razões,9013
caça,9004
tolo,9004
choque,9002
queda,8988
humanidade,8985
trazê,8984
adora,8979
insubs,8974
vaca,8968
famílias,8964
talento,8953
piscina,8951
mentiras,8946
escondendo,8939
impressão,8929
inteligência,8915
deixarei,8908
pássaro,8907
pedaços,8904
motor,8901
episódio,8898
solta,8893
mantém,8882
primeiros,8880
dormiu,8879
perfeitamente,8877
geralmente,8873
canto,8867
ministro,8865
reserva,8861
imagine,8861
importantes,8860
condições,8859
deva,8858
coloca,8857
funeral,8855
trato,8853
pedras,8849
ed,8848
tipos,8847
dirigindo,8846
sono,8837
estúpida,8831
confia,8829
grace,8825
completa,8810
Jeff,8806
Edward,8801
notas,8800
Europa,8799
devolver,8795
duvido,8793
tirando,8783
ruins,8776
envolvido,8770
cego,8769
tiros,8767
sara,8767
sozinhos,8753
começaram,8751
negros,8741
Taylor,8739
confuso,8736
senta,8735
carga,8733
alemão,8727
dean,8724
abby,8716
seguida,8714
corda,8705
ouvidos,8703
milagre,8701
enfim,8700
simon,8700
poderemos,8692
levará,8690
felicidade,8689
companheiro,8685
fizesse,8684
fábrica,8684
recado,8678
assustador,8674
ossos,8673
adiante,8671
garantir,8669
entrei,8664
iorque,8663
teatro,8662
esperamos,8661
cofre,8657
sujo,8654
canal,8645
mandado,8642
resultados,8639
ato,8638
pensado,8637
ferro,8637
gasolina,8635
consciência,8628
ajudem,8627
céus,8606
morra,8603
ache,8596
documentos,8592
mostrou,8586
sentia,8585
tarefa,8581
conseguem,8577
caindo,8577
mundial,8576
victor,8554
red,8554
respire,8550
acordado,8528
inacreditável,8521
big,8518
necessidade,8514
telhado,8511
sofá,8509
idéias,8504
crimes,8495
acabaram,8494
treinamento,8491
in,8489
susan,8489
pesadelo,8483
baixa,8481
pizza,8474
mano,8467
permitir,8464
Jackson,8464
recentemente,8463
especiais,8461
estranhos,8459
Tyler,8459
Kim,8456
loucos,8451
virou,8451
lutando,8446
leu,8445
tomei,8441
arriscar,8439
entanto,8432
entregue,8415
levei,8413
estudar,8412
guardar,8410
dama,8409
registros,8404
pede,8399
digamos,8397
espelho,8396
procure,8395
criou,8390
século,8390
io,8390
fatos,8387
papo,8386
cabeças,8385
grave,8385
compras,8384
quiserem,8368
ouviram,8360
portão,8359
escondido,8354
oficiais,8351
vidro,8349
chamá,8345
pesado,8342
quebrado,8340
escuridão,8337
favorito,8336
assassinos,8335
conto,8334
padrão,8333
aprendeu,8331
confortável,8328
equipamento,8326
digam,8324
acontecerá,8323
passeio,8320
acharam,8319
stan,8317
apostar,8315
russo,8313
lendo,8312
fazenda,8311
covarde,8309
página,8308
colegas,8302
ocupada,8279
original,8276
rápida,8274
mover,8264
ficado,8260
mova,8260
negra,8257
bebe,8255
entrega,8253
trabalhou,8252
terem,8252
amizade,8248
beijar,8242
vovô,8238
mágica,8231
miami,8231
iguais,8229
câmeras,8227
câmara,8223
nathan,8220
tim,8219
câmbio,8215
elevador,8206
house,8205
vejamos,8201
remédio,8200
tento,8197
abram,8197
convidado,8196
estômago,8190
ficava,8188
levanta,8188
pareço,8183
julie,8183
juntas,8180
saudades,8170
armadilha,8170
deixam,8169
teus,8165
botão,8165
cuido,8164
roger,8164
lucy,8159
más,8152
china,8151
aposta,8150
mínimo,8137
garotinha,8129
agência,8129
testemunhas,8129
avise,8128
beba,8121
haja,8115
destes,8114
fechada,8110
folga,8098
máquinas,8096
deixaria,8095
leis,8094
perde,8090
miss,8085
urso,8085
bombas,8078
difíceis,8077
vantagem,8070
lavar,8068
cem,8068
rindo,8056
feio,8056
transporte,8055
dêem,8052
areia,8050
conversamos,8049
pagamento,8049
digitais,8041
sorriso,8038
imaginei,8032
falava,8031
professora,8028
of,8016
vêem,8015
comunidade,8012
certas,8010
registro,8010
andrew,8008
pareceu,8003
sabiam,8002
sumiu,7999
engano,7994
quarta,7994
lily,7994
pensamentos,7992
castelo,7991
jesse,7991
divisão,7987
teto,7981
desculpar,7980
solo,7980
usam,7979
divertindo,7968
bagunça,7960
diretamente,7959
gigante,7959
selvagem,7955
bebendo,7954
imagina,7953
pôs,7950
bilhete,7946
malditos,7939
casada,7938
magia,7937
conversando,7925
macaco,7920
burro,7920
dragão,7919
garganta,7905
massa,7894
devesse,7888
levado,7887
acertar,7876
interior,7875
negativo,7873
superior,7870
jogada,7868
imagens,7866
claramente,7860
limite,7858
verei,7857
continuem,7854
doug,7852
kelly,7844
nervosa,7843
surpreso,7841
uniforme,7835
bairro,7834
texas,7829
buscá,7828
houver,7826
deviam,7823
fuga,7817
tirei,7816
laura,7811
alarme,7809
inverno,7807
dorme,7806
enfrentar,7803
lois,7803
entendendo,7802
pensamos,7801
custa,7795
ambulância,7794
terminei,7791
artista,7789
fantasia,7788
sede,7785
doido,7781
fã,7781
depósito,7775
resgate,7764
abriu,7756
lados,7755
artigo,7755
assustado,7753
cavalheiro,7749
gritando,7745
ilegal,7739
cópia,7734
viria,7733
nação,7733
edifício,7732
desafio,7730
roubado,7717
obra,7714
ligações,7710
marcas,7705
milhas,7704
placa,7695
vivem,7693
paredes,7693
convidados,7689
lorde,7683
papéis,7681
criatura,7678
coincidência,7677
esquisito,7675
cela,7669
possam,7666
pulso,7665
escrevi,7655
obter,7654
judeus,7653
praticamente,7638
causar,7637
secreta,7637
conexão,7637
moda,7628
tragam,7628
acabo,7623
terno,7616
percebe,7612
próprias,7607
palco,7605
olhou,7604
prometi,7602
maravilha,7599
possibilidade,7595
bobagem,7593
colégio,7593
receio,7587
hank,7586
el,7585
defender,7584
marcus,7582
passos,7575
chegue,7572
assalto,7572
reação,7565
virgem,7559
casou,7557
saberá,7555
basicamente,7550
louis,7548
voltamos,7541
evidência,7541
sombra,7537
promessa,7527
condição,7524
importância,7520
jogador,7517
legenda,7517
mina,7510
bebidas,7501
cura,7498
relaxar,7495
bebês,7485
rick,7483
gerente,7480
raios,7480
compra,7476
cuida,7476
morrido,7466
ouço,7463
explica,7458
entenda,7449
robin,7445
inspetor,7444
ta,7444
fugindo,7443
hmm,7435
salvá,7426
horário,7425
sentimento,7425
evento,7420
oceano,7418
alegria,7418
habilidade,7413
disco,7413
preparem,7411
vizinhos,7411
mudando,7408
ficaremos,7407
garagem,7406
cruel,7401
sopa,7400
corta,7395
conheça,7392
madeira,7387
assuntos,7386
prefere,7385
porão,7378
tesouro,7376
amante,7372
acreditam,7371
frango,7370
seguros,7365
enganar,7365
irmãs,7360
prisioneiros,7360
anti,7353
on,7353
escada,7352
bobo,7352
paciência,7345
acorda,7342
divórcio,7340
tanque,7338
leo,7337
meter,7336
noivo,7331
desaparecer,7329
raça,7321
compromisso,7315
city,7304
alunos,7302
bastardo,7301
barry,7296
salve,7295
carregar,7294
terminamos,7292
vice,7290
fria,7287
sorvete,7285
cuidando,7285
quadro,7284
peças,7282
compreendo,7281
limites,7265
partida,7262
sal,7258
glória,7253
caixas,7252
roy,7251
brancos,7248
mensagens,7236
veículo,7233
percebeu,7232
nadar,7230
joelhos,7226
quartos,7223
tropas,7219
estragar,7210
amém,7205
dividir,7202
prisioneiro,7199
aviões,7197
dava,7196
péssimo,7192
cheira,7186
período,7185
museu,7182
mágico,7180
prostituta,7176
alemanha,7170
desastre,7169
jackie,7167
pular,7165
elizabeth,7160
russos,7158
biblioteca,7151
áfrica,7146
afastem,7144
harvey,7144
vira,7135
acabe,7129
mudei,7128
legais,7122
judeu,7114
hã,7110
permite,7107
sofrimento,7105
garanto,7104
senso,7098
terry,7095
explicação,7093
falha,7089
torta,7084
açúcar,7081
mesmas,7080
bruxa,7076
pensamento,7070
pacote,7070
park,7069
greg,7069
matéria,7068
betty,7066
fumaça,7065
conseguiram,7059
sigam,7057
adivinhar,7055
linhas,7053
guarde,7052
cobra,7052
tripulação,7046
mínima,7045
andou,7040
terça,7040
evidências,7036
falado,7030
acalmar,7024
saudável,7021
educação,7019
aparência,7019
atravessar,7008
paraíso,7002
tentamos,6994
goste,6993
mac,6992
wilson,6990
jean,6980
segue,6978
pré,6969
serviços,6959
pó,6959
criminoso,6957
pênis,6951
termina,6949
unidades,6949
marinha,6942
advogados,6936
babá,6935
convencer,6928
lê,6922
enganado,6922
primavera,6918
tocando,6914
esquecido,6911
alcance,6909
versão,6909
ódio,6906
incomoda,6904
física,6904
terroristas,6900
vindas,6895
antigos,6895
brigar,6884
adorei,6883
destruição,6880
saímos,6880
francisco,6880
irmos,6874
sugiro,6866
emma,6863
poderei,6862
katie,6861
gary,6861
galinha,6857
fantasmas,6848
ross,6847
destas,6842
estacionamento,6841
ferrar,6840
veneno,6837
doces,6834
vila,6833
atitude,6830
clara,6830
audiência,6826
livres,6826
assumir,6818
reputação,6818
nâo,6814
mistério,6811
fred,6811
máscara,6810
habilidades,6806
devolva,6805
ricos,6803
st,6803
terras,6803
noel,6798
drinque,6797
salva,6796
paixão,6791
criado,6789
karen,6789
túnel,6789
chamamos,6785
declaração,6780
possivelmente,6777
capa,6775
perdida,6771
importar,6767
lenda,6767
localização,6765
incluindo,6762
ambiente,6757
batendo,6755
recompensa,6752
desça,6749
lábios,6748
frota,6745
diamantes,6742
camarada,6742
julia,6735
protegê,6734
lucas,6729
crise,6726
ficha,6725
baseado,6723
excelência,6723
teríamos,6721
molly,6709
it,6706
voando,6706
motivos,6703
fio,6694
queimar,6689
maus,6687
cachorros,6685
vigilância,6681
uísque,6675
esquina,6668
fase,6668
metal,6659
barato,6654
campanha,6651
connor,6651
transformar,6649
medicina,6648
segui,6640
proposta,6639
tocou,6638
piores,6636
disposto,6636
lembranças,6634
terapia,6634
vince,6628
bruce,6627
larga,6620
johnson,6617
iam,6612
teriam,6607
atirador,6607
júri,6606
atraso,6604
imperador,6600
assistindo,6599
bicicleta,6595
governador,6592
combustível,6590
parker,6590
escapou,6590
ferida,6589
poucas,6586
afastar,6583
soltar,6572
identificação,6565
ganho,6564
gostosa,6563
prato,6556
relações,6555
hitler,6554
salão,6552
extremamente,6543
superfície,6543
fortuna,6541
virem,6541
aluguel,6536
josh,6536
pássaros,6535
peitos,6531
decisões,6530
certos,6528
temperatura,6526
pobres,6523
vampiros,6523
abençoe,6522
casey,6515
aérea,6502
nate,6500
deixamos,6499
facilmente,6490
amanda,6489
naturalmente,6488
donna,6484
anteriormente,6484
moro,6480
resta,6479
farão,6476
onda,6471
gordon,6469
wayne,6468
autoridade,6464
chamas,6463
escadas,6463
cole,6460
aliança,6459
randy,6459
feitos,6457
robô,6457
boston,6454
partiu,6454
academia,6453
curto,6452
graus,6451
chamei,6448
febre,6447
danos,6447
assustada,6446
chateado,6443
apaixonada,6443
lobo,6441
trabalhei,6439
patrick,6438
maggie,6436
dúvidas,6433
honestamente,6432
caneta,6432
festas,6427
atraente,6425
peixes,6424
dirá,6420
acertou,6416
bata,6416
convidou,6412
pura,6409
levarei,6396
imaginação,6389
genial,6389
dissesse,6387
lex,6387
marshall,6386
janelas,6373
marty,6373
hollywood,6371
mataria,6371
brava,6362
tiras,6357
ponta,6352
dente,6352
adorar,6351
ratos,6344
esquerdo,6338
escrevendo,6337
teddy,6337
forem,6336
competição,6333
eh,6331
militares,6328
sós,6326
esforço,6325
sofrer,6321
atingido,6320
terminado,6317
índia,6316
seriam,6313
álcool,6312
entretanto,6310
conseguiria,6310
maluca,6308
almoçar,6303
acordei,6296
dispositivo,6292
puro,6290
locais,6290
retirar,6287
correio,6287
criaturas,6285
instruções,6278
divirta,6277
flor,6276
cooper,6276
relaxa,6273
reais,6272
chegará,6267
histórico,6265
sangrando,6264
casados,6263
mudanças,6258
escreve,6254
preocupação,6251
permita,6250
autorização,6247
principalmente,6246
exames,6237
infeliz,6236
brown,6234
vinha,6228
armado,6217
feia,6216
almas,6214
formas,6213
corrente,6213
nasci,6210
vizinho,6209
opções,6205
mortes,6205
osso,6202
moral,6201
atrasada,6200
nascer,6198
anne,6197
brad,6197
clínica,6196
nuclear,6194
preparando,6189
alteza,6189
usei,6186
cometeu,6180
bella,6174
rota,6172
continuo,6169
alimentar,6167
cumprir,6165
infância,6163
corram,6158
concentrar,6155
acompanhar,6152
separar,6148
íamos,6148
queríamos,6143
voo,6142
olhei,6141
civil,6141
cozinhar,6139
atacou,6138
calar,6137
apresentação,6127
chegarmos,6127
templo,6121
seres,6119
guerreiro,6117
ficarão,6113
souber,6106
tivessem,6106
vencedor,6103
causou,6101
procuro,6098
justin,6097
saído,6096
sally,6094
valer,6093
dexter,6093
aumentar,6086
face,6083
operações,6083
chamava,6082
policia,6080
dick,6077
durma,6076
perca,6072
perdoar,6072
recebemos,6065
região,6062
quebra,6061
puxe,6061
caçar,6059
acabando,6057
encher,6055
sessão,6055
cinto,6054
terrorista,6053
remédios,6045
podiam,6043
romântico,6041
bilhões,6035
comunicação,6033
aceite,6033
repetir,6032
boneca,6032
subindo,6030
mencionou,6027
curioso,6022
traidor,6016
morrem,6016
barriga,6009
moto,6009
usava,6006
quilômetros,6003
saio,6003
convite,6003
atirem,6003
salário,6002
responde,6001
sanduíche,6000
asas,5995
apagar,5993
provável,5992
leonard,5990
besta,5989
popular,5987
precise,5987
amostra,5985
cigarros,5984
bateria,5982
my,5981
sistemas,5980
helen,5980
guia,5978
secretária,5976
trabalhos,5975
território,5973
amei,5971
lágrimas,5968
engraçada,5967
botas,5965
escutando,5960
nessas,5958
jacob,5958
abrigo,5955
heróis,5955
superar,5948
maneiras,5947
campos,5945
planejando,5942
vampiro,5942
ocorreu,5940
brinde,5937
ciúmes,5930
prometa,5929
eis,5923
abandonar,5922
distante,5920
escolhido,5919
andem,5918
nesses,5915
shawn,5915
iraque,5915
assassinado,5912
miller,5910
estiverem,5907
estudante,5906
bíblia,5905
eia,5903
chinês,5901
cidades,5896
disponível,5895
achá,5892
despedir,5887
papa,5886
romance,5881
calado,5880
ombro,5877
favorita,5876
inocentes,5875
cortou,5874
faltam,5873
lata,5869
machucou,5869
negociar,5868
escritor,5865
ouvimos,5863
achas,5860
delegacia,5857
criminosos,5852
condenado,5852
charlotte,5852
participar,5847
circunstâncias,5845
estúdio,5843
coroa,5840
quantidade,5840
kenny,5839
satélite,5837
pistas,5828
lou,5824
sentimos,5821
ator,5820
recebe,5818
king,5815
quieta,5814
carlos,5811
molho,5810
descubra,5809
aproximando,5807
levantem,5805
namorados,5805
mude,5802
resistência,5801
vendeu,5800
suco,5799
naves,5797
assassinatos,5794
pretende,5793
aproveitar,5792
colocando,5785
sofreu,5785
fresco,5782
agindo,5780
ás,5778
organização,5776
beth,5776
prima,5773
palácio,5769
moeda,5765
porto,5765
mm,5761
dirige,5758
tenhamos,5758
acusações,5758
preste,5755
gatilho,5753
dormi,5751
doutora,5750
ritmo,5748
deitar,5747
bond,5738
desaparecido,5735
marie,5734
apanhar,5725
especialista,5721
pública,5720
assustou,5718
aranha,5715
respiração,5715
pecado,5714
óleo,5713
profundo,5713
incomodar,5712
mortal,5712
dona,5711
doze,5707
traiu,5706
inclusive,5701
piano,5696
sophie,5695
jordan,5692
segurando,5691
champanhe,5689
cresceu,5683
demônios,5681
votos,5680
mail,5678
normais,5677
encarar,5674
carol,5672
aliás,5671
assustar,5671
cargo,5669
acordou,5667
cobrir,5664
aquí,5661
mudaram,5660
setembro,5656
cadáver,5656
atrasar,5653
encontrará,5650
turno,5650
recursos,5648
entendem,5647
positivo,5647
repito,5646
perigosa,5643
destruído,5642
lembrem,5640
saíram,5639
péssima,5636
espião,5635
roubando,5632
nina,5630
oficialmente,5629
palhaço,5628
significado,5624
turma,5623
esconde,5622
matemática,5619
aldeia,5613
nobre,5612
eva,5611
man,5609
experimentar,5609
amamos,5608
seção,5607
esperei,5607
trabalham,5606
gata,5606
vendendo,5605
império,5604
médio,5604
incidente,5602
chegada,5598
transmissão,5597
custódia,5597
pastor,5596
largar,5596
cartões,5595
lewis,5595
vincent,5591
trabalhamos,5581
durar,5580
cruz,5580
trinta,5575
cavaleiro,5571
pessoais,5571
título,5571
desejar,5570
derek,5567
vivemos,5566
patrão,5566
bonitas,5561
cabelos,5560
parei,5551
investigar,5548
gastar,5546
princípio,5543
visual,5542
bauer,5535
nancy,5534
mandaram,5532
acusação,5531
doc,5531
potter,5531
gostoso,5530
acusado,5525
setor,5524
lady,5522
jamie,5521
tinta,5520
is,5520
suspeitos,5518
calça,5514
continuam,5512
discussão,5507
reconhece,5507
satisfeito,5497
mães,5496
steven,5496
dirija,5495
libras,5495
caminhar,5494
matem,5490
voto,5489
estranhas,5489
jaqueta,5480
ficasse,5480
impostos,5479
união,5476
so,5471
comi,5470
vizinhança,5466
italiano,5465
capacidade,5464
privada,5462
memórias,5462
comitê,5461
quilos,5460
corajoso,5459
retornar,5458
autoridades,5456
heroína,5456
collins,5454
traição,5453
pagando,5449
golfe,5448
capazes,5448
mental,5447
ondas,5446
avisei,5446
mortas,5445
aproveite,5444
construção,5441
falsa,5439
mantenham,5439
postos,5438
movendo,5437
levam,5435
procuramos,5434
espetáculo,5431
retorno,5430
petróleo,5430
russell,5429
invasão,5428
ira,5426
tela,5426
federais,5423
angela,5422
decide,5421
daquelas,5421
aaron,5419
contado,5419
contratou,5418
considerando,5417
marcar,5413
miles,5412
segurem,5411
arrancar,5405
amável,5404
berlim,5404
interromper,5401
black,5400
damos,5399
procedimento,5399
puxar,5398
coluna,5392
compre,5387
vosso,5385
estudo,5383
estudos,5381
lindas,5379
crer,5376
prata,5376
albert,5375
atenda,5375
infecção,5375
vende,5374
adultos,5373
portal,5373
passam,5372
sócio,5365
pintura,5363
tentaram,5359
centavos,5359
respondeu,5359
ladrões,5358
sammy,5354
bandeira,5351
confirmar,5351
progresso,5346
leão,5345
sinceramente,5344
religião,5344
esperta,5343
visitas,5343
estudantes,5335
alcançar,5334
círculo,5333
sentada,5333
esperam,5332
amam,5330
gorda,5330
estivemos,5329
acontecem,5326
ovo,5322
coelho,5315
assusta,5314
urgente,5314
sensível,5313
atividade,5311
gostando,5310
haviam,5308
falaram,5306
encontraremos,5305
tivéssemos,5304
trago,5302
nº,5302
multidão,5297
jornada,5295
acreditava,5294
batatas,5286
anterior,5284
abraço,5283
ataques,5282
preparados,5278
penny,5277
aventura,5275
cadela,5274
virão,5271
maconha,5270
meta,5269
perdidos,5267
apresenta,5266
nascimento,5265
caos,5264
curar,5261
davis,5260
gatos,5258
eventos,5256
site,5255
sobrou,5253
civis,5252
japão,5249
observando,5246
oxigênio,5245
prazo,5242
despedida,5241
impacto,5240
chegado,5239
ashley,5238
west,5237
cientistas,5237
vier,5231
puto,5230
sapato,5222
potencial,5222
delicioso,5220
técnico,5219
voltaremos,5219
menti,5215
hill,5214
vazia,5212
white,5208
agenda,5206
todd,5204
egoísta,5203
lealdade,5202
espanhol,5201
rodas,5200
recebendo,5199
rezar,5198
olivia,5198
martha,5195
jay,5193
cantando,5192
prá,5192
ethan,5192
média,5187
companheiros,5185
escreva,5184
rússia,5184
aguentar,5183
plástico,5183
br,5180
cerebral,5180
suportar,5179
promete,5179
corações,5179
orgulhosa,5175
tava,5173
gostamos,5170
dançando,5169
demos,5168
solitário,5159
ofereceu,5157
tratado,5154
comissão,5152
filhas,5151
derrubar,5150
liz,5148
concorda,5147
abertos,5146
abaixem,5145
caia,5144
achando,5143
clima,5139
cardíaco,5133
feitas,5130
fotografia,5128
escolhi,5127
oliver,5126
gangue,5123
culpar,5123
enviado,5119
vomitar,5119
frankie,5117
amanhecer,5117
interessada,5117
caverna,5115
conferência,5115
suspeita,5114
lançamento,5114
caridade,5112
limpeza,5111
promotor,5111
fingindo,5107
análise,5099
treinar,5097
laranja,5096
morrerá,5096
combinação,5095
treino,5093
termine,5091
atirando,5091
sagrado,5090
enganou,5088
símbolo,5085
ficarem,5084
doentes,5084
internacional,5082
stark,5080
disparar,5079
acreditamos,5079
descanso,5078
tracy,5073
matthew,5073
fígado,5070
correu,5069
mandando,5065
pistola,5064
salto,5063
street,5062
bancos,5062
trânsito,5062
creme,5061
tecnicamente,5060
salada,5059
colar,5059
envolver,5058
sacrifício,5056
convidar,5054
tênis,5050
plantas,5048
rita,5047
jennifer,5042
duplo,5039
lincoln,5037
lawrence,5035
cabana,5032
considerar,5030
sabíamos,5029
desenho,5028
barba,5028
meias,5026
rebecca,5026
clay,5023
expressão,5016
atual,5016
procurei,5016
professores,5010
voltaram,5010
aperte,5010
castigo,5009
decente,5007
miserável,5005
escutei,5005
adivinha,4999
zangado,4998
iriam,4997
cola,4994
descanse,4994
jóias,4993
letra,4991
luvas,4990
césar,4990
bandidos,4990
assine,4988
logan,4987
cerimônia,4986
troco,4984
mira,4979
destruiu,4978
levaria,4974
stephen,4972
compartilhar,4971
patético,4971
deixará,4968
começam,4960
recepção,4960
contagem,4958
imploro,4958
earl,4953
emoções,4952
suja,4952
verifique,4950
demora,4949
amigão,4948
joseph,4946
caçador,4946
computadores,4944
receita,4943
revolução,4943
walker,4942
pudéssemos,4939
machuque,4938
tentado,4935
abandonou,4934
cidadãos,4934
combinado,4933
poderosa,4930
sobreviveu,4928
informar,4927
munição,4926
sonhando,4925
viesse,4924
piadas,4924
esquadrão,4921
monstros,4918
lidando,4917
aproximar,4916
resolvido,4914
saibam,4909
anjos,4909
parecendo,4908
sairá,4908
docinho,4908
biscoitos,4908
fecha,4905
azar,4904
allison,4904
usamos,4901
cacete,4901
visse,4899
produção,4897
grau,4897
times,4897
selva,4896
tornando,4893
gravação,4892
haveria,4891
holly,4890
colegial,4885
evan,4885
escolhe,4884
psiquiatra,4884
células,4883
cultura,4881
imaginando,4879
protegendo,4878
vaga,4877
reféns,4875
piedade,4872
grama,4871
frase,4864
xixi,4863
banheira,4861
negar,4860
kitty,4859
anúncio,4856
tragédia,4852
cientista,4851
refeição,4851
perfil,4848
comercial,4848
aumento,4847
frodo,4847
atriz,4846
perderam,4842
michelle,4842
ansioso,4841
explique,4841
paguei,4841
absurdo,4838
deter,4835
detesto,4834
transferência,4834
produto,4833
kent,4833
escravos,4832
concentre,4826
flórida,4824
motel,4822
vigiando,4820
passageiros,4816
amado,4815
almirante,4815
faltando,4814
chateada,4808
ganhando,4804
espacial,4802
condado,4801
entramos,4800
excitante,4800
cancelar,4799
aceitou,4797
demorou,4797
cemitério,4795
adulto,4794
objeto,4793
pesada,4792
colocado,4792
Pedro,4791
aguarde,4785
eli,4784
rotina,4783
músicas,4780
identificar,4777
julho,4775
pecados,4770
bêbada,4770
curta,4768
existência,4767
muro,4765
cores,4763
pague,4762
ian,4761
nascido,4760
países,4760
ambas,4756
seguiu,4755
andei,4753
kirk,4753
ooh,4749
dobro,4748
dupla,4748
solteiro,4746
coleção,4746
amarelo,4744
geladeira,4743
gentileza,4740
pílulas,4739
apostas,4737
líderes,4737
Ricky,4734
atira,4730
ótimos,4729
cabine,4729
cometer,4727
jonathan,4726
serena,4726
cinzas,4725
conseguirá,4722
porcos,4722
impressões,4721
libertar,4717
jogadores,4713
rumo,4713
kg,4711
resistir,4710
oscar,4701
sid,4696
roubei,4695
apertar,4694
gravidade,4693
quietos,4693
devêssemos,4692
exterior,4692
ferramentas,4692
benjamin,4691
personalidade,4690
dose,4690
sermos,4686
repórter,4686
tema,4684
merdas,4684
trouxeram,4683
condicional,4683
pinto,4680
sincero,4679
poço,4677
dennis,4676
desista,4674
terror,4673
ficarmos,4672
emprestado,4670
descobrimos,4669
chase,4668
aconteceria,4667
queixa,4666
telefonema,4664
população,4662
pedimos,4661
secretário,4660
leitura,4656
estrutura,4656
brinquedos,4655
sobe,4652
confissão,4652
lembrança,4651
importaria,4650
seios,4649
houvesse,4647
descendo,4644
sobrinho,4644
queimando,4642
séria,4641
pasta,4640
margaret,4639
planejado,4638
ann,4638
envie,4635
gostaríamos,4634
senha,4634
abri,4633
novidade,4633
grupos,4629
parentes,4629
fascinante,4624
ando,4623
acreditei,4621
patrulha,4620
circo,4618
gus,4618
existir,4617
peru,4617
lana,4613
técnica,4613
respirando,4613
poderão,4610
transformou,4609
próximas,4606
ned,4606
gays,4606
doer,4605
traficante,4604
geração,4602
lane,4599
possui,4597
estiveram,4597
permanecer,4594
beco,4593
ajudaria,4593
rica,4593
tatuagem,4592
primeiras,4591
dores,4591
gravata,4589
chamadas,4588
apressar,4586
shane,4586
macacos,4585
adolescente,4584
capital,4582
tradição,4581
séculos,4581
personagem,4581
mando,4580
junho,4580
jersey,4575
feridos,4575
emoção,4572
mudam,4572
assinatura,4572
canalha,4571
meritíssimo,4569
seth,4562
literalmente,4560
francamente,4560
tristeza,4560
truques,4560
blair,4558
ganhamos,4557
gabinete,4555
perímetro,4555
lama,4554
dylan,4541
pagam,4541
vendedor,4538
jedi,4538
adoram,4538
rude,4533
enterrado,4532
importam,4528
alternativa,4527
entraram,4527
nuvens,4524
mitchell,4522
cometi,4520
únicos,4518
precisará,4518
grátis,4517
colocaram,4513
chip,4512
manhattan,4510
daisy,4510
tribo,4509
escutou,4509
tuas,4505
selvagens,4504
entregou,4502
espíritos,4501
voltaria,4500
montar,4498
falarei,4498
vivia,4497
embaixador,4495
medida,4494
prendê,4493
unhas,4492
carregando,4488
machucado,4484
outubro,4484
passaporte,4484
decidimos,4483
mereço,4482
cocaína,4481
dano,4476
von,4476
aparelho,4475
ellie,4474
efeitos,4473
caixão,4472
lindos,4471
político,4468
harold,4468
angel,4467
sentença,4466
adianta,4466
concordar,4466
dólar,4460
mochila,4457
neil,4454
desejos,4450
desconhecido,4448
ford,4447
páginas,4447
ocasião,4447
detê,4447
assegurar,4443
pós,4443
roubaram,4441
trazido,4441
vozes,4441
representa,4440
contratar,4439
iniciar,4438
pulmões,4437
proibido,4434
ho,4433
up,4432
global,4432
bosta,4431
d'água,4428
metrô,4422
túmulo,4420
erva,4419
megan,4419
meteu,4415
walt,4415
dívida,4411
descoberta,4411
exposição,4408
custar,4407
atingir,4406
little,4405
min,4405
mexe,4404
radiação,4404
manteiga,4403
nua,4403
mencionar,4400
apresse,4398
relatórios,4398
venceu,4397
quinze,4395
manual,4392
experiências,4391
viajando,4391
espanha,4389
amostras,4383
aéreo,4383
preta,4382
produtos,4382
viagens,4381
bebeu,4381
fraude,4381
coca,4380
pouca,4378
confessar,4378
machucá,4378
campeonato,4374
stanley,4373
prática,4372
brooke,4372
tivermos,4368
sugere,4367
jill,4367
trazendo,4366
águas,4363
capítulo,4360
fantástica,4359
velhas,4359
cansei,4350
formos,4349
mentes,4349
ronnie,4347
aço,4347
all,4345
acordada,4345
mudado,4344
lenny,4344
empregados,4343
infantil,4343
terreno,4341
seca,4340
ótimas,4340
conde,4339
prove,4338
elena,4334
alienígena,4334
tiroteio,4332
catherine,4331
índios,4331
ron,4324
parados,4323
perdedor,4323
gado,4320
abril,4320
fitas,4320
privacidade,4317
näo,4317
rocky,4316
distrito,4315
itália,4315
durão,4313
julgar,4312
atrasados,4312
movimentos,4311
reconhecer,4309
sintomas,4308
xícara,4307
usada,4305
funcionam,4303
sofrendo,4301
passear,4301
grant,4301
voltado,4300
função,4298
fãs,4297
lançar,4295
encontrarmos,4294
tomo,4293
keith,4293
tapete,4292
estaríamos,4291
dale,4291
folha,4287
canadá,4283
torno,4281
caroline,4280
contatos,4279
green,4279
jess,4277
maio,4276
orelha,4276
sue,4276
achado,4275
notou,4271
barra,4271
prioridade,4271
wendy,4271
willie,4269
ala,4269
elegante,4268
franceses,4268
saem,4266
falhou,4261
mickey,4260
zoe,4258
azuis,4256
adorava,4254
óptimo,4254
brinquedo,4253
beisebol,4252
ajudo,4252
deverá,4251
inveja,4251
stone,4250
níveis,4246
sujeira,4246
explodiu,4245
demasiado,4243
moedas,4241
reunir,4241
formar,4238
solto,4238
famosa,4237
linguagem,4236
joguei,4235
cretino,4234
controla,4231
custou,4230
colocamos,4228
mísseis,4228
case,4224
faziam,4223
digital,4222
informado,4221
indústria,4214
quebrada,4214
mostrando,4214
crescendo,4213
saltar,4213
chute,4211
prometer,4206
go,4205
diego,4202
matam,4201
gina,4200
viveu,4198
pensem,4198
esperanças,4195
atende,4195
exercício,4195
tecido,4191
pretendo,4188
sentados,4187
coordenadas,4186
bati,4184
alegre,4182
perseguindo,4181
vingar,4181
sombras,4177
sydney,4176
by,4174
parceiros,4172
firma,4171
soltem,4169
solar,4169
trabalhadores,4168
fodido,4166
façamos,4165
química,4165
trauma,4161
estratégia,4159
preparada,4159
arrepender,4154
recorde,4153
ensaio,4152
prossiga,4151
criação,4149
orelhas,4149
ja,4149
shopping,4148
ramo,4148
odiar,4147
presumo,4146
igualmente,4145
termo,4145
escondeu,4143
tremendo,4143
buracos,4141
whoa,4141
influência,4140
vestindo,4136
sabor,4134
planta,4128
sortudo,4127
máxima,4127
ignorar,4125
velas,4123
toalha,4123
execução,4119
solitária,4117
marco,4117
raro,4114
arroz,4114
profissão,4113
tiraram,4111
destruí,4110
daremos,4110
vanessa,4110
horríveis,4110
christine,4109
ideal,4108
tomada,4105
aguenta,4103
andam,4102
pudermos,4101
cruzar,4101
encontros,4099
custo,4099
origem,4098
acreditou,4096
miguel,4095
separados,4094
daquilo,4094
novidades,4093
cento,4090
escudo,4088
saberemos,4086
hannah,4085
empresas,4082
arco,4082
chore,4079
minas,4079
raymond,4078
ensino,4076
formatura,4075
parto,4074
bagagem,4074
viciado,4074
comemorar,4072
investigando,4070
inventou,4066
deite,4065
considere,4065
testar,4065
chegarem,4064
pratos,4062
drama,4062
odiava,4061
ingressos,4060
preocupados,4060
mexendo,4059
notar,4059
posse,4058
bocado,4057
owen,4057
disfarce,4056
reclamar,4055
reforços,4052
recém,4051
rosas,4050
economia,4049
chamem,4045
informante,4045
dificuldade,4044
preocupo,4043
impedi,4041
junte,4040
pam,4039
tranquilo,4038
suficientes,4036
cidadão,4036
aproximadamente,4032
williams,4031
harvard,4030
praticar,4029
rumores,4029
sonhei,4027
pescar,4026
roteiro,4025
recusar,4023
percebo,4021
ken,4021
perfume,4019
ana,4017
república,4015
aluno,4014
realizar,4014
conselhos,4013
novembro,4013
kong,4012
loira,4011
terríveis,4011
conhecida,4011
feitiço,4009
despedido,4009
pausa,4009
estivessem,4008
palmer,4007
intervalo,4006
ideias,4006
pareça,4006
complexo,4003
invisível,3999
insetos,3999
códigos,3999
letras,3999
isca,3997
políticos,3994
doenças,3994
curiosidade,3993
sobrevivência,3989
limpe,3989
cordas,3988
sobrenome,3986
basquete,3985
sobreviventes,3985
esclarecer,3982
advogada,3979
cocô,3977
curtis,3977
senado,3976
beira,3974
compreender,3974
arrume,3973
sairmos,3972
apropriado,3971
jessica,3971
duke,3970
agüentar,3969
crânio,3969
suave,3968
centavo,3965
fontes,3963
direta,3961
importava,3960
pintar,3959
barcos,3958
juízo,3957
arruinar,3955
esperado,3954
perdê,3954
palpite,3952
folhas,3951
lembram,3950
refém,3947
jin,3946
barney,3944
colin,3944
escolas,3943
jen,3942
explosivos,3942
shaw,3942
figura,3941
equipes,3939
celebrar,3939
compreende,3939
antigas,3939
novato,3938
lentamente,3937
eternidade,3933
roda,3933
canta,3933
profundamente,3932
altos,3932
seco,3930
atualmente,3929
natalie,3928
juan,3928
finais,3927
boy,3927
tubo,3924
empurre,3921
nora,3920
matamos,3919
guerreiros,3918
franco,3915
damas,3914
notei,3914
elliot,3912
simpático,3911
cirurgião,3909
bonitos,3909
físico,3907
karl,3907
falhar,3907
age,3904
cassino,3903
confusa,3901
furioso,3900
botar,3899
harris,3898
exceção,3897
pelotão,3896
reconhecimento,3891
jeremy,3889
reis,3887
violento,3887
pato,3887
acabam,3886
russa,3885
sandy,3883
concurso,3882
jornalista,3882
medalha,3881
juramento,3880
partindo,3880
mantendo,3876
coloquem,3875
riscos,3874
telefones,3871
áreas,3869
reverendo,3869
bruxas,3869
ajudará,3868
plataforma,3867
bebo,3866
co,3866
vagabunda,3866
lutou,3865
movam,3865
motores,3865
soco,3864
alexander,3863
cria,3862
armados,3860
comem,3859
estarem,3858
audrey,3858
permitido,3856
lógica,3855
spencer,3854
quanta,3854
april,3853
reuniões,3850
estudando,3850
quinn,3850
tess,3850
ferir,3849
documento,3848
entenderam,3846
descrição,3844
criando,3843
samantha,3842
nicky,3842
dica,3841
falaremos,3841
nojo,3839
francesa,3838
artes,3835
solteira,3835
encrenca,3834
procurado,3834
conspiração,3834
lança,3832
instinto,3832
festival,3832
fraqueza,3829
vós,3828
chegam,3828
funcionários,3827
clássico,3826
apareça,3826
fracasso,3824
elétrica,3824
katherine,3824
ellen,3822
bombeiros,3821
congresso,3819
surra,3818
beije,3818
cuidarei,3817
percy,3817
tortura,3816
ponham,3815
sejamos,3814
pediram,3814
lojas,3814
poeira,3814
caminhonete,3813
testemunhar,3812
sonny,3812
brigando,3811
bishop,3811
sobremesa,3807
menores,3807
confidencial,3807
precisaremos,3806
maquiagem,3803
apresento,3802
mijar,3801
paramos,3799
anthony,3796
lido,3795
recente,3795
comprando,3793
chamaram,3793
namorando,3792
convencê,3789
monsieur,3787
prenda,3787
bondade,3785
admito,3782
wallace,3782
derrotar,3781
baleado,3781
blá,3781
nicole,3781
unir,3779
trono,3777
boba,3776
estragou,3776
agosto,3775
irem,3774
escolhas,3771
adivinhe,3770
estarmos,3768
honesta,3768
one,3766
rocha,3764
cal,3764
escrita,3761
trilha,3760
enfiar,3760
pesadelos,3760
batida,3759
entendemos,3758
fuja,3758
encontrem,3758
sorria,3756
fechados,3756
estável,3756
revistas,3755
interesses,3752
razoável,3752
escravo,3751
trailer,3750
voltarmos,3749
apuros,3749
cobre,3748
holmes,3748
costume,3746
maleta,3746
garotinho,3744
sabedoria,3744
sorrir,3743
pus,3743
kit,3741
joelho,3739
abertura,3739
importe,3739
prestar,3739
grato,3738
tina,3737
quentes,3736
desaparece,3734
tonto,3734
maçã,3733
luxo,3733
robôs,3733
empregada,3732
abandonado,3731
apontar,3731
tanques,3729
casei,3727
extraordinário,3726
alguem,3725
rob,3725
esposas,3724
promoção,3724
desagradável,3723
questões,3722
apertado,3722
aguente,3721
construiu,3720
taxa,3719
japoneses,3718
profissionais,3713
juventude,3713
ocupados,3712
sábio,3709
supostamente,3709
educado,3707
estátua,3706
caído,3706
filmar,3705
felizmente,3705
sheldon,3704
meios,3703
ferimento,3701
descoberto,3700
restos,3700
salvei,3699
blake,3699
ligarei,3698
tigre,3697
refere,3696
durmo,3696
atingiu,3695
invadir,3695
cameron,3695
anderson,3695
emocionante,3693
aproxime,3692
estariam,3691
imaginava,3691
preferia,3691
encontrada,3690
repita,3686
morando,3685
arranjou,3685
esqueçam,3685
chinesa,3685
iríamos,3684
fiança,3683
rodada,3683
tumor,3683
procurou,3682
louise,3682
formação,3680
fama,3680
encontrarei,3680
poesia,3680
cheios,3680
doida,3679
emprestar,3678
cresci,3678
sentiria,3678
garantia,3677
vestidos,3676
comunicar,3675
quartel,3674
chegaremos,3672
hal,3671
conjunto,3670
certifique,3669
seguido,3668
transando,3665
perante,3665
protocolo,3665
gene,3665
rex,3664
castle,3664
administração,3660
incomum,3658
editor,3658
dúzia,3658
errados,3655
demitido,3654
avenida,3653
dai,3652
confiável,3652
victoria,3650
sexuais,3650
morava,3648
tais,3648
minta,3647
franklin,3647
toby,3645
trevas,3644
ciente,3644
telefonar,3643
processar,3643
sirva,3642
preocupem,3642
luto,3641
objetos,3640
programas,3640
altamente,3639
impressionado,3638
conseguido,3637
virei,3637
proteja,3635
precioso,3635
gracinha,3634
possibilidades,3633
irritado,3633
descobriram,3632
fiel,3632
metro,3632
eletricidade,3632
absoluta,3631
torcida,3631
culpada,3629
apoiar,3629
mason,3628
brinca,3626
posições,3626
francis,3622
intenções,3621
chineses,3621
feridas,3619
lobos,3619
considerado,3618
alvos,3618
empregado,3617
cópias,3617
observação,3615
incríveis,3614
distintivo,3614
christian,3614
aproxima,3613
poema,3611
caí,3611
merecem,3610
ctu,3610
armazém,3607
eliminar,3605
mandá,3605
depoimento,3604
galera,3603
colina,3603
radar,3602
enormes,3601
mentirosa,3600
mama,3600
hall,3598
matarei,3597
fechou,3596
conclusão,3596
bandido,3596
couro,3596
atmosfera,3594
pesquisas,3590
queima,3589
batata,3588
chutar,3587
ferimentos,3582
spock,3582
fox,3581
alienígenas,3580
bush,3580
comecem,3578
taco,3578
protesto,3578
precisaria,3577
ingleses,3576
tensão,3575
tubarão,3574
janet,3573
cristal,3572
adrian,3571
levamos,3570
esporte,3569
cuidados,3569
bart,3568
lute,3567
bicha,3565
lembrei,3564
divertida,3563
substituir,3563
tomado,3562
atividades,3562
dezembro,3559
inconsciente,3559
rifle,3559
esconderijo,3556
votar,3555
pressentimento,3555
indica,3554
músculos,3554
entram,3551
oriente,3551
decidido,3550
praga,3549
revelar,3549
your,3547
quintal,3547
cody,3546
macho,3545
abrindo,3545
compaixão,3544
cabra,3543
retirada,3543
fraca,3540
sorrindo,3540
desenhos,3540
emocional,3538
independente,3536
mi,3535
conforme,3534
verdadeiros,3533
cu,3532
jogado,3531
homicídios,3530
britânico,3528
manteve,3527
servem,3523
scotty,3523
wall,3522
conseguirmos,3519
freqüência,3519
booth,3518
mostram,3517
maya,3517
consulta,3513
familiares,3512
costuma,3512
lutador,3512
move,3511
queimado,3510
